{"1": [0.8716009883795469, 0.9711622833356177, 0.9816982652013785, 0.08239700374531839, 0.0, 0.031088082901554355], "2": [0.6014516824597597, 0.9783727722443514, 0.9816982652013785, 0.0, 0.08968609865470842, 0.0], "3": [0.9770388242013124, 1.0, 0.9816982652013785, 0.5093632958801496, 0.27802690582959644, 0.5284974093264251], "4": [0.8971409256733917, 0.990620571158892, 0.9816982652013785, 0.30337078651685395, 0.147982062780269, 0.300518134715026], "5": [0.7856306164551208, 0.9682614144879534, 0.9450422586059645, 0.20973782771535587, 0.3228699551569507, 0.25906735751295346], "6": [0.6601104933738943, 0.9445429612600482, 0.9816982652013785, 0.13483146067415733, 0.22421524663677134, 0.2331606217616581], "7": [0.5193130295931092, 0.9190469663807246, 0.9816982652013785, 0.09363295880149806, 0.15695067264574, 0.22279792746114], "8": [0.3625855216382858, 0.8916250658806674, 0.9816982652013785, 0.06367041198501858, 0.1434977578475337, 0.21243523316062185], "9": [0.18956082380502814, 0.8622221531427022, 0.8533988743611369, 0.04119850187265907, 0.12107623318385644, 0.20207253886010373], "10": [0.0, 0.8308198592944375, 0.8167428677657228, 0.026217228464419495, 0.15246636771300445, 0.1917098445595856], "11": [0.9808326631467299, 0.6140911859085315, 0.9816982652013785, 0.5955056179775279, 0.47982062780269047, 0.6321243523316064], "12": [0.923677401307738, 0.3606007469066113, 0.9816982652013785, 0.42696629213483145, 0.23766816143497763, 0.5077720207253887], "13": [0.8348835040852243, 0.9809034376638186, 0.9633695883524128, 0.32584269662921345, 0.2869955156950672, 0.44559585492228], "14": [0.7457224611583158, 0.9615596020454444, 0.9450422586059645, 0.29962546816479396, 0.4035874439461884, 0.40932642487046633], "15": [0.6537466344977098, 0.9414160139829508, 0.9267135817569989, 0.25093632958801493, 0.2690582959641256, 0.383419689119171], "16": [0.5579682273272958, 0.9201957274002818, 0.9083849049080335, 0.2134831460674156, 0.2690582959641256, 0.3626943005181348], "17": [0.4578656596384489, 0.8977800511219849, 0.8900562280590678, 0.17977528089887643, 0.24663677130044842, 0.3471502590673576], "18": [0.35312132125831885, 0.8741181175014378, 0.9633695883524128, 0.14981273408239698, 0.304932735426009, 0.33678756476683946], "19": [0.993216546033078, 0.7534063660859748, 0.9816982652013785, 0.794007490636704, 0.6950672645739909, 0.8497409326424873], "20": [0.9510443255591687, 0.6235017005336867, 0.9450422586059645, 0.6104868913857676, 0.49775784753363206, 0.7357512953367876], "21": [0.9571022296816905, 0.5828358430393985, 0.9816322571780359, 0.5730337078651685, 0.4080717488789239, 0.5803108808290155], "22": [0.9521282795435738, 0.5147706928879966, 0.9742204991284247, 0.543071161048689, 0.4260089686098657, 0.5388601036269431], "23": [0.9478973623786379, 0.4465656567083831, 0.9673044748051416, 0.5243445692883892, 0.3811659192825113, 0.4818652849740935], "24": [0.9440277632085039, 0.37719349063682056, 0.960776416006811, 0.5056179775280897, 0.35874439461883406, 0.49222797927461154], "25": [0.940356306164551, 0.3061356272757972, 0.9545689676075728, 0.4868913857677903, 0.3452914798206278, 0.5544041450777202], "26": [0.9368014033124699, 0.2330755568241069, 0.9486336339168083, 0.4681647940074908, 0.5560538116591927, 0.4818652849740935], "27": [0.9333193468303087, 0.15779850477378746, 0.9429340431665533, 0.45318352059925093, 0.35874439461883406, 0.4870466321243525], "28": [0.9298809981700992, 0.08014762921441977, 0.9374432533064632, 0.4419475655430713, 0.19282511210762332, 0.4611398963730572], "29": [0.9264688742030607, 0.0, 0.9321410577987808, 0.42696629213483145, 0.08968609865470842, 0.5492227979274611], "30": [0.8865840297446296, 0.961551124104341, 0.8634172757815217, 0.4157303370786518, 0.08520179372197312, 0.5129533678756478], "31": [0.8000483699896268, 0.9827827146084818, 0.7419908019840128, 0.39325842696629226, 0.3004484304932737, 0.4870466321243525], "32": [0.7189674464142103, 0.964186350797421, 0.6051831116451626, 0.35205992509363293, 0.4080717488789239, 0.4663212435233162], "33": [0.6384663799433546, 0.9458245433568974, 0.45250655365374626, 0.3108614232209738, 0.2914798206278027, 0.450777202072539], "34": [0.5570853293238692, 0.9272253535654689, 0.2844177957630932, 0.26966292134831454, 0.3139013452914797, 0.4352331606217618], "35": [0.47413079711411815, 0.9081768328955421, 0.8900562280590678, 0.23595505617977536, 0.2914798206278027, 0.4248704663212437], "36": [0.38921232677133233, 0.8885715940931357, 0.9816982652013785, 0.2134831460674156, 0.36771300448430505, 0.4041450777202073], "37": [0.1314673007214704, 0.7936483265250756, 1.0, 0.8764044943820221, 0.8206278026905829, 0.9274611398963732], "38": [0.95805506020024, 0.6968104572577535, 0.9827638232924802, 0.7041198501872658, 0.57847533632287, 0.8290155440414507], "39": [0.95476240427987, 0.6465221366107172, 0.9780812949427078, 0.6779026217228464, 0.6950672645739909, 0.6735751295336789], "40": [0.9488356236232035, 0.5881868368660444, 0.9685842221964777, 0.6554307116104867, 0.5919282511210763, 0.6010362694300517], "41": [0.9447707961816846, 0.5315442993617526, 0.9590642487074552, 0.6254681647940072, 0.6098654708520178, 0.5440414507772022], "42": [0.9417229040642445, 0.47554467239116116, 0.9494634490674009, 0.5955056179775279, 0.5605381165919282, 0.5854922279792746], "43": [0.9392956630185204, 0.4196467807138145, 0.9397589225335227, 0.5692883895131086, 0.5560538116591927, 0.6424870466321244], "44": [0.9372647062251594, 0.36352704957758675, 0.9299385451831657, 0.5505617977528088, 0.5650224215246636, 0.4870466321243525], "45": [0.9354959963635093, 0.3069622265334123, 0.919998275708778, 0.5318352059925092, 0.5560538116591927, 0.5336787564766841], "46": [0.9339108593540566, 0.2497940566806883, 0.9099354199053257, 0.5168539325842696, 0.19282511210762332, 0.5129533678756478], "47": [0.9324481042460693, 0.19190384884396205, 0.8997486306702914, 0.5018726591760296, 0.23318385650224208, 0.626943005181347], "48": [0.8958879681107731, 0.073245172165789, 0.841970056605248, 0.4868913857677903, 0.17040358744394624, 0.6010362694300517], "49": [0.8215409629707331, 0.9836389866599599, 0.7491600815805286, 0.4681647940074908, 0.3273542600896862, 0.5803108808290155], "50": [0.7534237793862257, 0.9670292870475429, 0.6519693291698887, 0.42696629213483145, 0.4349775784753364, 0.5647668393782382], "51": [0.6869470960523095, 0.9510116303222043, 0.548682937868938, 0.38202247191011235, 0.38565022421524664, 0.5492227979274611], "52": [0.620586966910265, 0.9351154907526859, 0.43898164438110077, 0.344569288389513, 0.38565022421524664, 0.5336787564766841], "53": [0.5536091005513015, 0.9191133769193706, 0.3228115646056897, 0.31460674157303353, 0.3497757847533633, 0.523316062176166], "54": [0.4855909880298845, 0.9028880106369902, 0.8167428677657228, 0.2883895131086143, 0.4304932735426009, 0.5077720207253887], "55": [1.0, 0.8282468041694513, 0.0, 1.0, 1.0, 1.0], "56": [0.9668257631385713, 0.7547232729374227, 0.9729299749169511, 0.8314606741573032, 0.6636771300448431, 0.8601036269430054], "57": [0.9535793792323741, 0.7027845797555244, 0.9583853090387885, 0.7303370786516852, 0.7982062780269058, 0.7098445595854923], "58": [0.9516824597596651, 0.6911457796102689, 0.9588082992291881, 0.6704119850187265, 0.7533632286995515, 0.6891191709844561], "59": [0.9498642143664696, 0.6805949819066605, 0.9596030897143334, 0.8089887640449438, 0.7713004484304933, 0.8860103626943007], "60": [0.9480576243924612, 0.6706969856680405, 0.9606255405248851, 0.6554307116104867, 0.7847533632286996, 0.8756476683937824], "61": [0.9462422928540626, 0.6612200605042394, 0.9618042552274313, 0.6516853932584268, 0.7623318385650223, 0.7305699481865285], "62": [0.9443978227676958, 0.6520257333772304, 0.9630934323363878, 0.7752808988764043, 0.7488789237668161, 0.7253886010362696], "63": [0.9552286210473558, 0.6834435701175183, 0.9823394859995636, 0.749063670411985, 0.7309417040358744, 0.7046632124352332],