{"1": [0.30037248642629844, 1.1151181798403604, 0.5575277300258971, -1.8629810497007857, -1.9857500273797664, -2.7878812194220863], "2": [-0.9520835652505271, 1.140782528307742, 0.5575277300258971, -2.2392035001269783, -1.581488922958573, -2.9555378849542926], "3": [0.7891994153020204, 1.2177604859094946, 0.5575277300258971, 0.0865352843258494, -0.7325406036740664, -0.10537457090678845], "4": [0.41877978314028774, 1.1843762129080289, 0.5575277300258971, -0.8540208417396322, -1.318719205084797, -1.3348567848096333], "5": [-0.0982001185080472, 1.1047930951051979, 0.3521676804916036, -1.2815463535875786, -0.5304100514634695, -1.5583990055192416], "6": [-0.6801317922728525, 1.020371822643221, 0.5575277300258971, -1.6235667630659356, -0.9750972663267825, -1.6981128934627467], "7": [-1.33289169840177, 0.9296237325500534, 0.5575277300258971, -1.8116779882790321, -1.2782930946426776, -1.7539984486401488], "8": [-2.0595058761947356, 0.832020751811963, 0.5575277300258971, -1.948486152070375, -1.3389322603058567, -1.8098840038175508], "9": [-2.8616764727579627, 0.7273667390238493, -0.16125131071849474, -2.051092274913882, -1.439997536411155, -1.8657695589949528], "10": [-3.7405112346208917, 0.6155963137173454, -0.3666113602527882, -2.1194963568095537, -1.2985061498637374, -1.9216551141723548], "11": [0.8067882687328948, -0.1558077154757562, 0.5575277300258971, 0.47985875522595994, 0.1770468812736192, 0.453480980867232], "12": [0.5418071934282855, -1.0580581789380852, 0.5575277300258971, -0.28968716610034334, -0.9144581006636034, -0.21714568126159253], "13": [0.1301442667009158, 1.149789945141973, 0.4548439317838774, -0.7514147188961254, -0.692114493231947, -0.5524590123260048], "14": [-0.28322080713266756, 1.0809392826848978, 0.3521676804916036, -0.87112186221355, -0.16657505748439533, -0.748058455446912], "15": [-0.7096356754472225, 1.0092420552204666, 0.24948388224958387, -1.0934351283744823, -0.7729667141161857, -0.887772343390417], "16": [-1.1536799245047042, 0.9337125264563795, 0.14680008400756422, -1.264445333113661, -0.7729667141161857, -0.9995434537452211], "17": [-1.6177716839242582, 0.8539282379816502, 0.04411628576554452, -1.4183545173789214, -0.874031990221484, -1.0833717865113242], "18": [-2.103383446043799, 0.7697081361915713, 0.4548439317838774, -1.5551626811702643, -0.6112622723477082, -1.1392573416887262], "19": [0.8642019608075616, 0.3400578736855136, 0.5575277300258971, 1.3862128403436065, 1.1472735318844838, 1.627077639592675], "20": [0.6686846983612904, -0.12231279860474663, 0.3521676804916036, 0.5482628371216315, 0.2578991021578579, 1.0123365326412523], "21": [0.6967701256138157, -0.2670550970353254, 0.5571579294883504, 0.37725263238245316, -0.14636200226333565, 0.17405320498022175], "22": [0.673710085055826, -0.5093199079352354, 0.5156346119866899, 0.2404444685911102, -0.06550978137909695, -0.04948901572938642], "23": [0.6540948660223163, -0.7520826162480927, 0.47688857199150186, 0.15493936622152085, -0.26764033358969375, -0.35685956920509765], "24": [0.636154775886985, -0.9989994989356431, 0.44031605352311826, 0.06943426385193152, -0.3687056096949921, -0.3009740140276956], "25": [0.6191333048248486, -1.25191629691255, 0.40553970909424675, -0.016070838517657438, -0.42934477535817117, 0.03433931703671665], "26": [0.6026521979234148, -1.5119595659414418, 0.3722878485140366, -0.10157594088724678, 0.5206688200316337, -0.35685956920509765], "27": [0.5865088186224202, -1.7798937545755305, 0.3403567041393501, -0.16998002278291824, -0.3687056096949921, -0.32891679161639664], "28": [0.5705680758816891, -2.056277111429334, 0.3095953369752701, -0.22128308420467185, -1.1165886528742002, -0.46863067955990173], "29": [0.5547489150771163, -2.341547182714229, 0.279890542775609, -0.28968716610034334, -1.581488922958573, 0.006396539448015629], "30": [0.36983629928463646, 1.0809091070841133, -0.1051246454586167, -0.34099022752209696, -1.6017019781796324, -0.18920290367289153], "31": [-0.03135707182911751, 1.15647886998258, -0.7853991485996876, -0.44359635036560374, -0.6314753275687679, -0.32891679161639664], "32": [-0.4072614002219831, 1.0902886896613553, -1.5518447239388606, -0.6317075755787003, -0.14636200226333565, -0.4406879019712007], "33": [-0.7804774169153526, 1.024933367628507, -2.4071933672841332, -0.8198188007917968, -0.6719014380108873, -0.5245162347373038], "34": [-1.1577731830220275, 0.9587331287736875, -3.348886662671663, -1.0079300260048931, -0.570836161905589, -0.6083445675034068], "35": [-1.54236386529819, 0.8909335830772793, 0.04411628576554452, -1.1618392102701538, -0.6719014380108873, -0.6642301226808088], "36": [-1.936059683682193, 0.8211525062626759, 0.5575277300258971, -1.264445333113661, -0.32827949925287275, -0.776001233035613], "37": [-3.131007479556229, 0.48329139207685773, 0.6600605892729996, 1.7624352907697989, 1.7132390780741547, 2.0462193034231904], "38": [0.7011876026275605, 0.13861562138049607, 0.5634973672748634, 0.9757883489695778, 0.6217340961369321, 1.5153065292378707], "39": [0.685922315087708, -0.04037598394070944, 0.5372641699582927, 0.8560812056521531, 1.1472735318844838, 0.6770232015768402], "40": [0.6584447975159733, -0.24800926367338658, 0.48405817425005837, 0.7534750828086458, 0.6823732618001112, 0.28582431533502584], "41": [0.639599597411465, -0.4496174817827197, 0.4307238803961444, 0.6166669190173029, 0.7632254826843499, -0.021546238140685393], "42": [0.6254690746090883, -0.6489373834992137, 0.3769367695574795, 0.47985875522595994, 0.5408818752526934, 0.2019959825689228], "43": [0.6142159909624535, -0.8478951780062915, 0.32256854358838427, 0.3601516119085353, 0.5206688200316337, 0.509366536044634], "44": [0.6048001454622082, -1.0476425674005687, 0.2675512799411461, 0.2746465095389459, 0.561094930473753, -0.32891679161639664], "45": [0.5966001193235441, -1.2489741758360422, 0.21186233776652727, 0.1891414071693566, 0.5206688200316337, -0.07743179331808743], "46": [0.5892511667379866, -1.4524532811940263, 0.15548662316503628, 0.12073732527368512, -1.1165886528742002, -0.18920290367289153], "47": [0.5824695965211673, -1.658502341885507, 0.09841658918692718, 0.05233324337801365, -0.9346711558846631, 0.4255382032785309], "48": [0.41297086841273317, -2.0808450797348716, -0.2252796323622765, -0.016070838517657438, -1.2176539289794985, 0.28582431533502584], "49": [0.06828607940446899, 1.159526605661834, -0.7452342820522797, -0.10157594088724678, -0.5101969962424099, 0.17405320498022175], "50": [-0.2475162452142338, 1.1004075744578226, -1.2897316123157836, -0.28968716610034334, -0.025083670936977588, 0.09022487221411869], "51": [-0.5557129442710451, 1.043395806041942, -1.8683788901792537, -0.49489941178735736, -0.24742727836863404, 0.006396539448015629], "52": [-0.8633692791671538, 0.9868165545706421, -2.482964742732456, -0.665909616526536, -0.24742727836863404, -0.07743179331808743], "53": [-1.1738895441149868, 0.9298601080895335, -3.1337910479652242, -0.802717780317879, -0.40913172013711147, -0.13331734849548948], "54": [-1.4892325591970923, 0.872109037454428, -0.3666113602527882, -0.9224249236353037, -0.045296726158037266, -0.21714568126159253], "55": [0.8956511549604614, 0.6064380188791909, -4.942296803361971, 2.3267689664090883, 2.5217612869165418, 2.4374181896650047], "56": [0.7418500057204422, 0.3447451503407359, 0.5084046341301668, 1.5572230450827844, 1.005782145337066, 1.682963194770077], "57": [0.6804376188565752, 0.15987936140011005, 0.4269202177242365, 1.0954954922870024, 1.6121738019688563, 0.8726226446977473], "58": [0.6716431921411379, 0.1184532907895235, 0.4292899599444331, 0.8218791647043173, 1.4100432497582596, 0.7608515343429432], "59": [0.663213511234175, 0.08089975561297287, 0.43374266029448394, 1.454616922239278, 1.4908954706424982, 1.822677082713582], "60": [0.6548378667432825, 0.04566974169684338, 0.4394707951515832, 0.7534750828086458, 1.5515346363056772, 1.7667915275361799],